Column1,Player,Role,Nation,Team,Images,,
1,MS Dhoni,WK-Batsman,India,Chennai Super Kings,https://bcciplayerimages.s3.ap-south-1.amazonaws.com/ipl/IPLHeadshot2023/57.png,,
2,Ruturaj Gaikwad,Batsman,India,Chennai Super Kings,https://bcciplayerimages.s3.ap-south-1.amazonaws.com/ipl/IPLHeadshot2023/102.png,,
3,Ambati Rayudu,WK- Batsman,India,Chennai Super Kings,https://bcciplayerimages.s3.ap-south-1.amazonaws.com/playerheadshot/ipl/284/100.png,,
4,Devon Conway,Batsman,New Zealand,Chennai Super Kings,https://bcciplayerimages.s3.ap-south-1.amazonaws.com/ipl/IPLHeadshot2023/601.png,,
5,Subhranshu Senapati,Batsman,India,Chennai Super Kings,https://bcciplayerimages.s3.ap-south-1.amazonaws.com/ipl/IPLHeadshot2023/971.png,,
6,Deepak Chahar,Bowler,India,Chennai Super Kings,https://www.iplt20.com/teams/chennai-super-kings/squad-details/140,,
7,Tushar Deshpande,Bowler,India,Chennai Super Kings,https://www.iplt20.com/teams/chennai-super-kings/squad-details/3257,,
8,Maheesh Theekshana,Bowler,Sri Lanka,Chennai Super Kings,https://bcciplayerimages.s3.ap-south-1.amazonaws.com/ipl/IPLHeadshot2023/629.png,,
9,Simranjeet Singh,Bowler,India,Chennai Super Kings,https://bcciplayerimages.s3.ap-south-1.amazonaws.com/ipl/IPLHeadshot2023/622.png,,
10,Matheesha Pathirana,Bowler,Sri Lanka,Chennai Super Kings,https://bcciplayerimages.s3.ap-south-1.amazonaws.com/ipl/IPLHeadshot2023/1014.png,,
11,Akash Singh,Bowler,India,Chennai Super Kings,https://bcciplayerimages.s3.ap-south-1.amazonaws.com/ipl/IPLHeadshot2023/1014.png,,
12,Prashant Solanki,Bowler,India,Chennai Super Kings,https://bcciplayerimages.s3.ap-south-1.amazonaws.com/ipl/IPLHeadshot2023/972.png,,
13,Mitchell Santner,Bowler,New Zealand,Chennai Super Kings,https://bcciplayerimages.s3.ap-south-1.amazonaws.com/ipl/IPLHeadshot2023/75.png,,
14,Rajvardhan Hangargekar,Bowler,India,Chennai Super Kings,https://bcciplayerimages.s3.ap-south-1.amazonaws.com/ipl/IPLHeadshot2023/783.png,,
15,Ravindra Jadeja,All-rounder,India,Chennai Super Kings,https://bcciplayerimages.s3.ap-south-1.amazonaws.com/ipl/IPLHeadshot2023/46.png,,
16,Moeen Ali,All-rounder,England,Chennai Super Kings,https://bcciplayerimages.s3.ap-south-1.amazonaws.com/ipl/IPLHeadshot2023/206.png,,
17,Shivam Dube,All-rounder,India,Chennai Super Kings,https://bcciplayerimages.s3.ap-south-1.amazonaws.com/ipl/IPLHeadshot2023/211.png,,
18,Dwaine Pretorius,All-rounder,South Africa,Chennai Super Kings,https://bcciplayerimages.s3.ap-south-1.amazonaws.com/ipl/IPLHeadshot2023/289.png,,
19,Ben Stokes,All-rounder,England,Chennai Super Kings,https://bcciplayerimages.s3.ap-south-1.amazonaws.com/ipl/IPLHeadshot2023/177.png,,
20,Ajinkya Rahane,Batsman,India,Chennai Super Kings,https://bcciplayerimages.s3.ap-south-1.amazonaws.com/ipl/IPLHeadshot2023/44.png,,
21,Sisanda Magala,Bowler,South Africa,Chennai Super Kings,https://encrypted-tbn0.gstatic.com/images?q=tbn:ANd9GcRU00P2N1Z1sQCcs_pH1Ki5ICqwxtx6A0AUzA&usqp=CAU,,
22,Nishant Sindhu,All-rounder,India,Chennai Super Kings,https://bcciplayerimages.s3.ap-south-1.amazonaws.com/ipl/IPLHeadshot2023/791.png,,
23,Shaik Rasheed,Batsman,India,Chennai Super Kings,https://bcciplayerimages.s3.ap-south-1.amazonaws.com/ipl/IPLHeadshot2023/778.png,,
24,Ajay Mandal,Bowler,India,Chennai Super Kings,https://bcciplayerimages.s3.ap-south-1.amazonaws.com/ipl/IPLHeadshot2023/1931.png,,
25,Bhagath Verma,All-rounder,India,Chennai Super Kings,https://bcciplayerimages.s3.ap-south-1.amazonaws.com/ipl/IPLHeadshot2023/577.png,,
26,Abhishek Porel,WT-Batsman,India,Delhi Capitals,https://bcciplayerimages.s3.ap-south-1.amazonaws.com/ipl/IPLHeadshot2023/1580.png,,
27,Prithvi Shaw,Batsman,India,Delhi Capitals,https://bcciplayerimages.s3.ap-south-1.amazonaws.com/ipl/IPLHeadshot2023/51.png,,
28,David Warner,Batsman,Australia,Delhi Capitals,https://bcciplayerimages.s3.ap-south-1.amazonaws.com/ipl/IPLHeadshot2023/214.png,,
29,Sarfaraz Khan,Batsman,India,Delhi Capitals,https://bcciplayerimages.s3.ap-south-1.amazonaws.com/ipl/IPLHeadshot2023/214.png,,
30,Yash Dhull,Batsman,India,Delhi Capitals,https://bcciplayerimages.s3.ap-south-1.amazonaws.com/ipl/IPLHeadshot2023/777.png,,
31,Rovman Powell,Batsman,West Indies,Delhi Capitals,https://bcciplayerimages.s3.ap-south-1.amazonaws.com/ipl/IPLHeadshot2023/329.png,,
32,Anrich Nortje,Bowler,South Africa,Delhi Capitals,https://assets.iplt20.com/ipl/IPLHeadshot2022/5433.png,,
33,Kamlesh Nagarkoti,Bowler,India,Delhi Capitals,https://www.iplt20.com/teams/delhi-capitals/squad-details/3766,,
34,Mustafizur Rahman,Bowler,Bangladesh,Delhi Capitals,https://assets.iplt20.com/ipl/IPLHeadshot2022/1594.png,,
35,Lungi Ngidi,Bowler,South Africa,Delhi Capitals,https://assets.iplt20.com/ipl/IPLHeadshot2022/3746.png,,
36,Khaleel Ahmed,Bowler,India,Delhi Capitals,https://bcciplayerimages.s3.ap-south-1.amazonaws.com/ipl/IPLHeadshot2023/8.png,,
37,Chetan Sakariya,Bowler,India,Delhi Capitals,https://assets.iplt20.com/ipl/IPLHeadshot2022/11062.png,,
38,Praveen Dubey,Bowler,India,Delhi Capitals,https://assets.iplt20.com/ipl/IPLHeadshot2022/3188.png,,
39,Kuldeep Yadav,Bowler,India,Delhi Capitals,https://assets.iplt20.com/ipl/IPLHeadshot2022/261.png,,
40,Axar Patel(vc),All-rounder,India,Delhi Capitals,https://assets.iplt20.com/ipl/IPLHeadshot2022/1113.png,,
41,Mitchell Marsh,All-rounder,Australia,Delhi Capitals,https://assets.iplt20.com/ipl/IPLHeadshot2022/221.png,,
42,Lalit Yadav,All-rounder,India,Delhi Capitals,https://assets.iplt20.com/ipl/IPLHeadshot2022/6870.png,,
43,Ripal Patel,All-rounder,India,Delhi Capitals,https://assets.iplt20.com/ipl/IPLHeadshot2022/17191.png,,
44,Vicky Ostwal,All-rounder,India,Delhi Capitals,https://assets.iplt20.com/ipl/IPLHeadshot2022/20624.png,,
45,Aman Khan,Allrounder,India,Delhi Capitals,https://bcciplayerimages.s3.ap-south-1.amazonaws.com/ipl/IPLHeadshot2023/979.png,,
46,Ishant Sharma,Bowler,India,Delhi Capitals,https://encrypted-tbn0.gstatic.com/images?q=tbn:ANd9GcRStz0R4Tw4NCyLxDyN9r2VG8c-seKgaaSG8Q&usqp=CAU,,
47,Phil Salt,WT-Batsman,England,Delhi Capitals,https://encrypted-tbn0.gstatic.com/images?q=tbn:ANd9GcSCvDOKGg9mtz1cViUn2JOfVfX_lhFCoffu4w&usqp=CAU,,
48,Mukesh Kumar,Bowler,India,Delhi Capitals,https://bcciplayerimages.s3.ap-south-1.amazonaws.com/ipl/IPLHeadshot2023/1462.png,,
49,Manish Pandey,Batsman,India,Delhi Capitals,https://bcciplayerimages.s3.ap-south-1.amazonaws.com/ipl/IPLHeadshot2023/16.png,,
50,Rilee Rossouw,Batsman,South Africa,Delhi Capitals,https://bcciplayerimages.s3.ap-south-1.amazonaws.com/ipl/IPLHeadshot2023/1426.png,,
51,Shubman Gill,Batsman,India,Gujarat Titans,https://bcciplayerimages.s3.ap-south-1.amazonaws.com/ipl/IPLHeadshot2023/62.png,,
52,Sai Sudarshan,Batsman,India,Gujarat Titans,https://bcciplayerimages.s3.ap-south-1.amazonaws.com/ipl/IPLHeadshot2023/976.png,,
53,Abhinav Sadarangani,Batsman,India,Gujarat Titans,https://bcciplayerimages.s3.ap-south-1.amazonaws.com/ipl/IPLHeadshot2023/974.png,,
54,David miller,Batsman,"

South Africa

",Gujarat Titans,https://bcciplayerimages.s3.ap-south-1.amazonaws.com/ipl/IPLHeadshot2023/128.png,,
55,Matthew Wade ,WK-Batsman,Australia,Gujarat Titans,https://bcciplayerimages.s3.ap-south-1.amazonaws.com/ipl/IPLHeadshot2023/549.png,,
56,Wriddhiman Saha ,WK-Batsman,India,Gujarat Titans,https://bcciplayerimages.s3.ap-south-1.amazonaws.com/ipl/IPLHeadshot2023/225.png,,
57,Rashid Khan,Bowler,"

Afghanistan

",Gujarat Titans,https://bcciplayerimages.s3.ap-south-1.amazonaws.com/ipl/IPLHeadshot2023/218.png,,
58,Darshan Nalkande,Bowler,India,Gujarat Titans,https://bcciplayerimages.s3.ap-south-1.amazonaws.com/ipl/IPLHeadshot2023/127.png,,
59,Yash Dayal,Bowler,India,Gujarat Titans,https://bcciplayerimages.s3.ap-south-1.amazonaws.com/ipl/IPLHeadshot2023/978.png,,
60,Pradeep Sangwan,Bowler,India,Gujarat Titans,https://bcciplayerimages.s3.ap-south-1.amazonaws.com/ipl/IPLHeadshot2023/977.png,,
61,Alzarrsi Joseph,Bowler,"

West Indies

",Gujarat Titans,https://bcciplayerimages.s3.ap-south-1.amazonaws.com/ipl/IPLHeadshot2023/229.png,,
62,R Sai Kishore,Bowler,India,Gujarat Titans,https://bcciplayerimages.s3.ap-south-1.amazonaws.com/ipl/IPLHeadshot2023/544.png,,
63,Noor Ahmad,Bowler,"

Afghanistan

",Gujarat Titans,https://bcciplayerimages.s3.ap-south-1.amazonaws.com/ipl/IPLHeadshot2023/975.png,,
64,Mohammed Shami,Bowler,India,Gujarat Titans,https://bcciplayerimages.s3.ap-south-1.amazonaws.com/ipl/IPLHeadshot2023/47.png,,
65,Hardik Pandya,All-rounder,India,Gujarat Titans,https://bcciplayerimages.s3.ap-south-1.amazonaws.com/ipl/IPLHeadshot2023/54.png,,
66,Vijay Shankar,All-rounder,India,Gujarat Titans,https://bcciplayerimages.s3.ap-south-1.amazonaws.com/ipl/IPLHeadshot2023/61.png,,
67,Jayant Yadav,All-rounder,India,Gujarat Titans,https://bcciplayerimages.s3.ap-south-1.amazonaws.com/ipl/IPLHeadshot2023/165.png,,
68,Rahul Tewatia,All-rounder,India,Gujarat Titans,https://bcciplayerimages.s3.ap-south-1.amazonaws.com/ipl/IPLHeadshot2023/120.png,,
69,Dasun Shanaka,All-rounder,Sri Lanka,Gujarat Titans,https://bcciplayerimages.s3.ap-south-1.amazonaws.com/ipl/IPLHeadshot2023/375.png,,
70,Odean Smith,All-rounder,West Indies,Gujarat Titans,https://bcciplayerimages.s3.ap-south-1.amazonaws.com/ipl/IPLHeadshot2023/863.png,,
71,KS Bharat,WK-Batsman,India,Gujarat Titans,https://bcciplayerimages.s3.ap-south-1.amazonaws.com/ipl/IPLHeadshot2023/365.png,,
72,Shivam Mavi,Bowler,India,Gujarat Titans,https://bcciplayerimages.s3.ap-south-1.amazonaws.com/ipl/IPLHeadshot2023/154.png,,
73,Urvil Patel,WK-Batsman,India,Gujarat Titans,https://bcciplayerimages.s3.ap-south-1.amazonaws.com/ipl/IPLHeadshot2023/1486.png,,
74,Joshua Little,Bowler,Ireland,Gujarat Titans,https://bcciplayerimages.s3.ap-south-1.amazonaws.com/ipl/IPLHeadshot2023/678.png,,
75,Mohit Sharma,Bowler,India,Gujarat Titans,https://bcciplayerimages.s3.ap-south-1.amazonaws.com/ipl/IPLHeadshot2023/100.png,,
76,Shreyas Iyer,Batsman,India,Kolkata Knight Riders,https://bcciplayerimages.s3.ap-south-1.amazonaws.com/ipl/IPLHeadshot2023/12.png,,
77,Nitish Rana,Batsman,India,Kolkata Knight Riders,https://bcciplayerimages.s3.ap-south-1.amazonaws.com/ipl/IPLHeadshot2023/148.png,,
78,Rinku Singh,Batsman,India,Kolkata Knight Riders,https://bcciplayerimages.s3.ap-south-1.amazonaws.com/ipl/IPLHeadshot2023/152.png,,
79,Varun Chakravarty,Bowlers,India,Kolkata Knight Riders,https://bcciplayerimages.s3.ap-south-1.amazonaws.com/ipl/IPLHeadshot2023/140.png,,
80,Tim Southee,Bowlers,New Zealand,Kolkata Knight Riders,https://bcciplayerimages.s3.ap-south-1.amazonaws.com/ipl/IPLHeadshot2023/77.png,,
81,Umesh Yadav,Bowlers,India,Kolkata Knight Riders,https://bcciplayerimages.s3.ap-south-1.amazonaws.com/ipl/IPLHeadshot2023/21.png,,
82,Andre Russell,All-rounder,West Indies,Kolkata Knight Riders,https://bcciplayerimages.s3.ap-south-1.amazonaws.com/ipl/IPLHeadshot2023/141.png,,
83,Venkatesh Iyer,All-rounder,India,Kolkata Knight Riders,https://bcciplayerimages.s3.ap-south-1.amazonaws.com/ipl/IPLHeadshot2023/584.png,,
84,Sunil Narine,All-rounder,West Indies,Kolkata Knight Riders,https://bcciplayerimages.s3.ap-south-1.amazonaws.com/ipl/IPLHeadshot2023/156.png,,
85,Anukul Roy,All-rounder,India,Kolkata Knight Riders,https://bcciplayerimages.s3.ap-south-1.amazonaws.com/ipl/IPLHeadshot2023/160.png,,
86,Shardul Thakur,Bowler,India,Kolkata Knight Riders,https://bcciplayerimages.s3.ap-south-1.amazonaws.com/ipl/IPLHeadshot2023/105.png,,
87,Lockie Ferguson,Bowler,New Zealand,Kolkata Knight Riders,https://bcciplayerimages.s3.ap-south-1.amazonaws.com/ipl/IPLHeadshot2023/69.png,,
88,Rahmanullah Gurbaz,WK-Batsman,Afghanistan,Kolkata Knight Riders,https://bcciplayerimages.s3.ap-south-1.amazonaws.com/ipl/IPLHeadshot2023/641.png,,
89,Harshit Rana,Bowler,India,Kolkata Knight Riders,https://bcciplayerimages.s3.ap-south-1.amazonaws.com/ipl/IPLHeadshot2023/1013.png,,
90,N. Jagadeesan,WK-Batsman,India,Kolkata Knight Riders,https://bcciplayerimages.s3.ap-south-1.amazonaws.com/ipl/IPLHeadshot2023/97.png,,
91,Vaibhav Arora,Bowler,India,Kolkata Knight Riders,https://bcciplayerimages.s3.ap-south-1.amazonaws.com/ipl/IPLHeadshot2023/583.png,,
92,Suyash Sharma,Bowler,India,Kolkata Knight Riders,https://bcciplayerimages.s3.ap-south-1.amazonaws.com/ipl/IPLHeadshot2023/1932.png,,
93,David Wiese,All-rounder,Namibia,Kolkata Knight Riders,https://bcciplayerimages.s3.ap-south-1.amazonaws.com/ipl/IPLHeadshot2023/674.png,,
94,Kulwant Khejroliya,Bowler,India,Kolkata Knight Riders,https://bcciplayerimages.s3.ap-south-1.amazonaws.com/ipl/IPLHeadshot2023/204.png,,
95,Johnson Charles,WK-Batsman,West Indies,Kolkata Knight Riders,https://www.iplt20.com/assets/images/default-headshot.png,,
96,Jason Roy,Batsman,England,Kolkata Knight Riders,https://bcciplayerimages.s3.ap-south-1.amazonaws.com/ipl/IPLHeadshot2023/313.png,,
97,Mandeep Singh,Batsman,India,Kolkata Knight Riders,https://bcciplayerimages.s3.ap-south-1.amazonaws.com/ipl/IPLHeadshot2023/132.png,,
98,Shakib Al Hasan,All-rounder,Bangladesh,Kolkata Knight Riders,https://bcciplayerimages.s3.ap-south-1.amazonaws.com/ipl/IPLHeadshot2023/222.png,,
99,Aarya Desai,Batsman,India,Kolkata Knight Riders,https://www.iplt20.com/assets/images/default-headshot.png,,
100,Manan Vohra,Batsman,India,Lucknow Super Giants,https://bcciplayerimages.s3.ap-south-1.amazonaws.com/ipl/IPLHeadshot2023/185.png,,
101,KL Rahul ,WK-Batsman,India,Lucknow Super Giants,https://bcciplayerimages.s3.ap-south-1.amazonaws.com/ipl/IPLHeadshot2023/19.png,,
102,Quinton de Kock ,WK-Batsman,South Africa,Lucknow Super Giants,https://bcciplayerimages.s3.ap-south-1.amazonaws.com/ipl/IPLHeadshot2023/170.png,,
103,Ravi Bishnoi,Bowler,India,Lucknow Super Giants,https://bcciplayerimages.s3.ap-south-1.amazonaws.com/ipl/IPLHeadshot2023/520.png,,
104,Mohsin Khan,Bowler,India,Lucknow Super Giants,https://bcciplayerimages.s3.ap-south-1.amazonaws.com/ipl/IPLHeadshot2023/541.png,,
105,Arpit Guleria,Bowler,India,Lucknow Super Giants,https://www.iplt20.com/assets/images/default-headshot.png,,
106,Avesh Khan,Bowler,India,Lucknow Super Giants,https://bcciplayerimages.s3.ap-south-1.amazonaws.com/ipl/IPLHeadshot2023/109.png,,
107,Mark Wood,Bowler,England,Lucknow Super Giants,https://bcciplayerimages.s3.ap-south-1.amazonaws.com/ipl/IPLHeadshot2023/315.png,,
108,Marcus Stoinis,All-rounder,Australia,Lucknow Super Giants,https://bcciplayerimages.s3.ap-south-1.amazonaws.com/ipl/IPLHeadshot2023/23.png,,
109,Kyle Mayers,All-rounder,West Indies,Lucknow Super Giants,https://bcciplayerimages.s3.ap-south-1.amazonaws.com/ipl/IPLHeadshot2023/726.png,,
110,Karan Sharma,All-rounder,India,Lucknow Super Giants,https://bcciplayerimages.s3.ap-south-1.amazonaws.com/ipl/IPLHeadshot2023/986.png,,
111,K Gowtham,All-rounder,India,Lucknow Super Giants,https://bcciplayerimages.s3.ap-south-1.amazonaws.com/ipl/IPLHeadshot2023/179.png,,
112,Ayush Badoni,All-rounder,India,Lucknow Super Giants,https://bcciplayerimages.s3.ap-south-1.amazonaws.com/ipl/IPLHeadshot2023/985.png,,
113,Deepak Hooda,All-rounder,India,Lucknow Super Giants,https://bcciplayerimages.s3.ap-south-1.amazonaws.com/ipl/IPLHeadshot2023/215.png,,
114,Krunal Pandya,All-rounder,India,Lucknow Super Giants,https://bcciplayerimages.s3.ap-south-1.amazonaws.com/ipl/IPLHeadshot2023/17.png,,
115,Nicholas Pooran,WK-Batsman,West Indies,Lucknow Super Giants,https://bcciplayerimages.s3.ap-south-1.amazonaws.com/ipl/IPLHeadshot2023/136.png,,
116,Jaydev Unadkat,Bowler,India,Lucknow Super Giants,https://bcciplayerimages.s3.ap-south-1.amazonaws.com/ipl/IPLHeadshot2023/180.png,,
117,Yash Thakur,Bowler,India,Lucknow Super Giants,https://bcciplayerimages.s3.ap-south-1.amazonaws.com/ipl/IPLHeadshot2023/1550.png,,
118,Romario Shepherd,All-rounder,West Indies,Lucknow Super Giants,https://bcciplayerimages.s3.ap-south-1.amazonaws.com/ipl/IPLHeadshot2023/371.png,,
119,Daniel Sams,All-rounder,Australia,Lucknow Super Giants,https://bcciplayerimages.s3.ap-south-1.amazonaws.com/ipl/IPLHeadshot2023/546.png,,
120,Amit mishra,Bowler,India,Lucknow Super Giants,https://bcciplayerimages.s3.ap-south-1.amazonaws.com/ipl/IPLHeadshot2023/107.png,,
121,Prerak Mankad,All-rounder,India,Lucknow Super Giants,https://bcciplayerimages.s3.ap-south-1.amazonaws.com/ipl/IPLHeadshot2023/998.png,,
122,Swapnil Singh,All-rounder,India,Lucknow Super Giants,https://bcciplayerimages.s3.ap-south-1.amazonaws.com/ipl/IPLHeadshot2023/1483.png,,
123,Naveen-ul-Haq,Bowler,Afghanistan,Lucknow Super Giants,https://bcciplayerimages.s3.ap-south-1.amazonaws.com/ipl/IPLHeadshot2023/639.png,,
124,Yudhvir Singh,All-rounder,India,Lucknow Super Giants,https://bcciplayerimages.s3.ap-south-1.amazonaws.com/ipl/IPLHeadshot2023/587.png,,
125,Rohit Sharma ,Batsman,India,Mumbai Indians,https://bcciplayerimages.s3.ap-south-1.amazonaws.com/ipl/IPLHeadshot2023/6.png,,
126,Suryakumar Yadav,Batsman,India,Mumbai Indians,https://bcciplayerimages.s3.ap-south-1.amazonaws.com/ipl/IPLHeadshot2023/174.png,,
127,Tilak Varma,Batsman,India,Mumbai Indians,https://bcciplayerimages.s3.ap-south-1.amazonaws.com/ipl/IPLHeadshot2023/993.png,,
128,Ramandeep Singh,Batsman,India,Mumbai Indians,https://bcciplayerimages.s3.ap-south-1.amazonaws.com/ipl/IPLHeadshot2023/991.png,,
129,Dewald Brevis,Batsman,India,Mumbai Indians,https://bcciplayerimages.s3.ap-south-1.amazonaws.com/ipl/IPLHeadshot2023/797.png,,
130,Ishan Kishan ,WK-Batsman,India,Mumbai Indians,https://bcciplayerimages.s3.ap-south-1.amazonaws.com/ipl/IPLHeadshot2023/164.png,,
131,Sandeep Warrsier,Bowler,India,Mumbai Indians,https://bcciplayerimages.s3.ap-south-1.amazonaws.com/ipl/IPLHeadshot2023/228.png,,
132,Kumar Kartikeya Singh,Bowler,India,Mumbai Indians,https://bcciplayerimages.s3.ap-south-1.amazonaws.com/ipl/IPLHeadshot2023/1015.png,,
133,Jofra Archer,Bowler,"

England

",Mumbai Indians,https://bcciplayerimages.s3.ap-south-1.amazonaws.com/ipl/IPLHeadshot2023/181.png,,
134,Hrithik Shokeen,All-rounder,India,Mumbai Indians,https://bcciplayerimages.s3.ap-south-1.amazonaws.com/ipl/IPLHeadshot2023/992.png,,
135,Arjun Tendulkar,All-rounder,India,Mumbai Indians,https://bcciplayerimages.s3.ap-south-1.amazonaws.com/ipl/IPLHeadshot2023/585.png,,
136,Tim David,All-rounder,"

Singapore

",Mumbai Indians,https://bcciplayerimages.s3.ap-south-1.amazonaws.com/ipl/IPLHeadshot2023/636.png,,
137,Tristan Stubbs,WK-Batsman,"

South Africa

",Mumbai Indians,https://bcciplayerimages.s3.ap-south-1.amazonaws.com/ipl/IPLHeadshot2023/1017.png,,
138,Arshad Khan,All-rounder,India,Mumbai Indians,https://bcciplayerimages.s3.ap-south-1.amazonaws.com/ipl/IPLHeadshot2023/988.png,,
139,Akash Madhwal,Bowler,India,Mumbai Indians,https://bcciplayerimages.s3.ap-south-1.amazonaws.com/ipl/IPLHeadshot2023/1045.png,,
140,Jason Behrendorff,Bowler,"

Australia

",Mumbai Indians,https://bcciplayerimages.s3.ap-south-1.amazonaws.com/ipl/IPLHeadshot2023/4.png,,
141,Cameron Green,All-rounder,"

Australia

",Mumbai Indians,https://bcciplayerimages.s3.ap-south-1.amazonaws.com/ipl/IPLHeadshot2023/550.png,,
142,Riley Meredith,Bowler,Australia,Mumbai Indians,https://www.iplt20.com/assets/images/default-headshot.png,,
143,Piyush Chawla,Bowler,India,Mumbai Indians,https://bcciplayerimages.s3.ap-south-1.amazonaws.com/ipl/IPLHeadshot2023/149.png,,
144,Duan Jansen,All-rounder,"

South Africa

",Mumbai Indians,https://bcciplayerimages.s3.ap-south-1.amazonaws.com/ipl/IPLHeadshot2023/1227.png,,
145,Shams Mulani,All-rounder,India,Mumbai Indians,https://bcciplayerimages.s3.ap-south-1.amazonaws.com/ipl/IPLHeadshot2023/600.png,,
146,Nehal Wadhera,All-rounder,India,Mumbai Indians,https://bcciplayerimages.s3.ap-south-1.amazonaws.com/ipl/IPLHeadshot2023/1541.png,,
147,Vishnu Vinod,WK-Batsman,India,Mumbai Indians,https://bcciplayerimages.s3.ap-south-1.amazonaws.com/ipl/IPLHeadshot2023/581.png,,
148,Raghav Goyal,Bowler,India,Mumbai Indians,https://bcciplayerimages.s3.ap-south-1.amazonaws.com/ipl/IPLHeadshot2023/1933.png,,
149,Bhanuka Rajapaksa,Batsman,Sri Lanka,Punjab Kings,https://bcciplayerimages.s3.ap-south-1.amazonaws.com/ipl/IPLHeadshot2023/372.png,,
150,Shahrukh Khan,Batsman,India,Punjab Kings,https://bcciplayerimages.s3.ap-south-1.amazonaws.com/ipl/IPLHeadshot2023/590.png,,
151,Shikhar Dhawan,Batsman,India,Punjab Kings,https://bcciplayerimages.s3.ap-south-1.amazonaws.com/ipl/IPLHeadshot2023/11.png,,
152,Prabhsimran Singh ,WK-Batsman,India,Punjab Kings,https://bcciplayerimages.s3.ap-south-1.amazonaws.com/ipl/IPLHeadshot2023/137.png,,
153,Jitesh Sharma ,WK-Batsman,India,Punjab Kings,https://bcciplayerimages.s3.ap-south-1.amazonaws.com/ipl/IPLHeadshot2023/1000.png,,
154,Matthew Short,All-rounder,Australia,Punjab Kings,https://bcciplayerimages.s3.ap-south-1.amazonaws.com/ipl/IPLHeadshot2023/2032.png,,
155,Arshdeep Singh,Bowler,India,Punjab Kings,https://bcciplayerimages.s3.ap-south-1.amazonaws.com/ipl/IPLHeadshot2023/125.png,,
156,Gurnoor Singh Brar,Bowler,India,Punjab Kings,https://bcciplayerimages.s3.ap-south-1.amazonaws.com/ipl/IPLHeadshot2023/1231.png,,
157,Nathan Ellis,Bowler,Australia,Punjab Kings,https://bcciplayerimages.s3.ap-south-1.amazonaws.com/ipl/IPLHeadshot2023/633.png,,
158,Harpreet Brar,Bowler,India,Punjab Kings,https://bcciplayerimages.s3.ap-south-1.amazonaws.com/ipl/IPLHeadshot2023/130.png,,
159,Rahul Chahar,Bowler,India,Punjab Kings,https://bcciplayerimages.s3.ap-south-1.amazonaws.com/ipl/IPLHeadshot2023/171.png,,
160,Kagiso Rabada,Bowler,"

South Africa

",Punjab Kings,https://bcciplayerimages.s3.ap-south-1.amazonaws.com/ipl/IPLHeadshot2023/116.png,,
161,Baltej Singh,All-rounder,India,Punjab Kings,https://bcciplayerimages.s3.ap-south-1.amazonaws.com/ipl/IPLHeadshot2023/994.png,,
162,Liam Livingstone,All-rounder,England,Punjab Kings,https://bcciplayerimages.s3.ap-south-1.amazonaws.com/ipl/IPLHeadshot2023/183.png,,
163,Rishi Dhawan,All-rounder,India,Punjab Kings,https://bcciplayerimages.s3.ap-south-1.amazonaws.com/ipl/IPLHeadshot2023/996.png,,
164,Atharva Taide,All-rounder,India,Punjab Kings,https://bcciplayerimages.s3.ap-south-1.amazonaws.com/ipl/IPLHeadshot2023/1001.png,,
165,Sam Currsan,All-rounder,England,Punjab Kings,https://bcciplayerimages.s3.ap-south-1.amazonaws.com/ipl/IPLHeadshot2023/1001.png,,
166,Sikandar Raza,All-rounder,Zimbabwe,Punjab Kings,https://bcciplayerimages.s3.ap-south-1.amazonaws.com/ipl/IPLHeadshot2023/820.png,,
167,"Harpreet Bhatia

",Batsman,India,Punjab Kings,https://bcciplayerimages.s3.ap-south-1.amazonaws.com/ipl/IPLHeadshot2023/1934.png,,
168,"
Vidwath Kaverappa

",Bowler,India,Punjab Kings,https://bcciplayerimages.s3.ap-south-1.amazonaws.com/ipl/IPLHeadshot2023/1564.png,,
169,"

Mohit Rathee

",All-rounder,India,Punjab Kings,https://bcciplayerimages.s3.ap-south-1.amazonaws.com/ipl/IPLHeadshot2023/1935.png,,
170,"

Shivam Singh

",All-rounder,India,Punjab Kings,https://bcciplayerimages.s3.ap-south-1.amazonaws.com/ipl/IPLHeadshot2023/1936.png,,
171,Matthew Short,Batsman,Australia,Punjab Kings,https://bcciplayerimages.s3.ap-south-1.amazonaws.com/ipl/IPLHeadshot2023/2032.png,,
172,Yashasvi Jaiswal,Batsman,India,Rajasthan Royals,https://bcciplayerimages.s3.ap-south-1.amazonaws.com/ipl/IPLHeadshot2023/533.png,,
173,Devdutt Padikkal,Batsman,India,Rajasthan Royals,https://bcciplayerimages.s3.ap-south-1.amazonaws.com/ipl/IPLHeadshot2023/200.png,,
174,Shimron Hetmyer,Batsman,West Indies,Rajasthan Royals,https://bcciplayerimages.s3.ap-south-1.amazonaws.com/ipl/IPLHeadshot2023/210.png,,
175,Sanju Samson ,WK-Batsman,India,Rajasthan Royals,https://bcciplayerimages.s3.ap-south-1.amazonaws.com/ipl/IPLHeadshot2023/190.png,,
176,Jos Buttler ,WK-Batsman,England,Rajasthan Royals,https://bcciplayerimages.s3.ap-south-1.amazonaws.com/ipl/IPLHeadshot2023/182.png,,
177,Dhruv Jurel ,WK-Batsman,India,Rajasthan Royals,https://bcciplayerimages.s3.ap-south-1.amazonaws.com/ipl/IPLHeadshot2023/1004.png,,
178,Kuldip Yadav,Bowler,India,Rajasthan Royals,https://bcciplayerimages.s3.ap-south-1.amazonaws.com/ipl/IPLHeadshot2023/593.png,,
179,Navdeep Saini,Bowler,India,Rajasthan Royals,https://bcciplayerimages.s3.ap-south-1.amazonaws.com/ipl/IPLHeadshot2023/207.png,,
180,Kuldeep Sen,Bowler,India,Rajasthan Royals,https://bcciplayerimages.s3.ap-south-1.amazonaws.com/ipl/IPLHeadshot2023/1005.png,,
181,Obed McCoy,Bowler,West Indies,Rajasthan Royals,https://bcciplayerimages.s3.ap-south-1.amazonaws.com/ipl/IPLHeadshot2023/645.png,,
182,KC Kariappa,Bowler,India,Rajasthan Royals,https://bcciplayerimages.s3.ap-south-1.amazonaws.com/ipl/IPLHeadshot2023/227.png,,
183,Yuzvendra Chahal,Bowler,India,Rajasthan Royals,https://bcciplayerimages.s3.ap-south-1.amazonaws.com/ipl/IPLHeadshot2023/10.png,,
184,Trent Boult,Bowler,New Zealand,Rajasthan Royals,https://bcciplayerimages.s3.ap-south-1.amazonaws.com/ipl/IPLHeadshot2023/66.png,,
185,Riyan Parag,All-rounder,India,Rajasthan Royals,https://bcciplayerimages.s3.ap-south-1.amazonaws.com/ipl/IPLHeadshot2023/189.png,,
186,Ravichandran Ashwin,All-rounder,India,Rajasthan Royals,https://bcciplayerimages.s3.ap-south-1.amazonaws.com/ipl/IPLHeadshot2023/45.png,,
187,Jason Holder,All-rounder,West Indies,Rajasthan Royals,https://bcciplayerimages.s3.ap-south-1.amazonaws.com/ipl/IPLHeadshot2023/263.png,,
188,Donovan Ferrseira,WK-Batsman,South Africa,Rajasthan Royals,https://bcciplayerimages.s3.ap-south-1.amazonaws.com/ipl/IPLHeadshot2023/2033.png,,
189,Kunal Rathore,WK-Batsman,India,Rajasthan Royals,https://bcciplayerimages.s3.ap-south-1.amazonaws.com/ipl/IPLHeadshot2023/1540.png,,
190,Adam Zampa,Bowler,Australia,Rajasthan Royals,https://bcciplayerimages.s3.ap-south-1.amazonaws.com/ipl/IPLHeadshot2023/24.png,,
191,KM Asif,Bowler,India,Rajasthan Royals,https://bcciplayerimages.s3.ap-south-1.amazonaws.com/ipl/IPLHeadshot2023/88.png,,
192,Murugan Ashwin,Bowler,India,Rajasthan Royals,https://bcciplayerimages.s3.ap-south-1.amazonaws.com/ipl/IPLHeadshot2023/135.png,,
193,Akash Vashisht,All-rounder,India,Rajasthan Royals,https://bcciplayerimages.s3.ap-south-1.amazonaws.com/ipl/IPLHeadshot2023/1938.png,,
194,Abdul Basith,Bowler,India,Rajasthan Royals,https://bcciplayerimages.s3.ap-south-1.amazonaws.com/ipl/IPLHeadshot2023/1542.png,,
195,Joe Root,Batter,England,Rajasthan Royals,https://bcciplayerimages.s3.ap-south-1.amazonaws.com/ipl/IPLHeadshot2023/312.png,,
196,Sandeep Sharma,Bowler,India,Rajasthan Royals,https://bcciplayerimages.s3.ap-south-1.amazonaws.com/ipl/IPLHeadshot2023/220.png,,
197,Virat Kohli,Batsman,India,Royal Challengers Bangalore,https://bcciplayerimages.s3.ap-south-1.amazonaws.com/ipl/IPLHeadshot2023/2.png,,
198,Suyash Prabhudessai,Batsman,India,Royal Challengers Bangalore,https://bcciplayerimages.s3.ap-south-1.amazonaws.com/ipl/IPLHeadshot2023/598.png,,
199,Faf du Plessis,Batsman,South Africa,Royal Challengers Bangalore,https://bcciplayerimages.s3.ap-south-1.amazonaws.com/ipl/IPLHeadshot2023/94.png,,
200,Vyshak Vijay Kumar,Bowler,India,Royal Challengers Bangalore,https://www.iplt20.com/assets/images/default-headshot.png,,
201,Anuj Rawat ,WK-Batsman,India,Royal Challengers Bangalore,https://bcciplayerimages.s3.ap-south-1.amazonaws.com/ipl/IPLHeadshot2023/534.png,,
202,Finn Allen ,WK-Batsman,New Zealand,Royal Challengers Bangalore,https://bcciplayerimages.s3.ap-south-1.amazonaws.com/ipl/IPLHeadshot2023/595.png,,
203,Dinesh Karthik ,WK-Batsman,India,Royal Challengers Bangalore,https://bcciplayerimages.s3.ap-south-1.amazonaws.com/ipl/IPLHeadshot2023/13.png,,
204,Mohammed Siraj,Bowler,India,Royal Challengers Bangalore,https://bcciplayerimages.s3.ap-south-1.amazonaws.com/ipl/IPLHeadshot2023/63.png,,
205,Karn Sharma,Bowler,India,Royal Challengers Bangalore,https://bcciplayerimages.s3.ap-south-1.amazonaws.com/ipl/IPLHeadshot2023/98.png,,
206,Siddarth Kaul,Bowler,India,Royal Challengers Bangalore,https://bcciplayerimages.s3.ap-south-1.amazonaws.com/ipl/IPLHeadshot2023/64.png,,
207,Josh Hazlewood,Bowler,Australia,Royal Challengers Bangalore,https://www.iplt20.com/assets/images/default-headshot.png,,
208,Harshal Patel,Bowler,India,Royal Challengers Bangalore,https://bcciplayerimages.s3.ap-south-1.amazonaws.com/ipl/IPLHeadshot2023/114.png,,
209,Akash Deep,Bowler,India,Royal Challengers Bangalore,https://bcciplayerimages.s3.ap-south-1.amazonaws.com/ipl/IPLHeadshot2023/1007.png,,
210,Glenn Maxwell,All-rounder,Australia,Royal Challengers Bangalore,https://bcciplayerimages.s3.ap-south-1.amazonaws.com/ipl/IPLHeadshot2023/28.png,,
211,David Willey,All-rounder,England,Royal Challengers Bangalore,https://bcciplayerimages.s3.ap-south-1.amazonaws.com/ipl/IPLHeadshot2023/90.png,,
212,Mahipal Lomror,All-rounder,India,Royal Challengers Bangalore,https://bcciplayerimages.s3.ap-south-1.amazonaws.com/ipl/IPLHeadshot2023/184.png,,
213,Shahbaz Ahmed,All-rounder,India,Royal Challengers Bangalore,https://bcciplayerimages.s3.ap-south-1.amazonaws.com/ipl/IPLHeadshot2023/523.png,,
214,Wanindu Hasaranga,All-rounder,Sri Lanka,Royal Challengers Bangalore,https://bcciplayerimages.s3.ap-south-1.amazonaws.com/ipl/IPLHeadshot2023/377.png,,
215,Wayne Parnell,Bowling Allrounder,South Africa,Royal Challengers Bangalore,https://www.iplt20.com/assets/images/default-headshot.png,,
216,Michael Bracewell,Allrounder,New Zealand,Royal Challengers Bangalore,https://bcciplayerimages.s3.ap-south-1.amazonaws.com/ipl/IPLHeadshot2023/1465.png,,
217,Himanshu Sharma,Bowler,India,Royal Challengers Bangalore,https://bcciplayerimages.s3.ap-south-1.amazonaws.com/ipl/IPLHeadshot2023/1568.png,,
218,Manoj Bhandage,Allrounder,India,Royal Challengers Bangalore,https://bcciplayerimages.s3.ap-south-1.amazonaws.com/ipl/IPLHeadshot2023/1485.png,,
219,Rajan Kumar,Bowler,India,Royal Challengers Bangalore,https://bcciplayerimages.s3.ap-south-1.amazonaws.com/ipl/IPLHeadshot2023/1503.png,,
220,Avinash Singh,Bowler,India,Royal Challengers Bangalore,https://bcciplayerimages.s3.ap-south-1.amazonaws.com/ipl/IPLHeadshot2023/1939.png,,
221,R Sonu Yadav,Allrounder,India,Royal Challengers Bangalore,https://bcciplayerimages.s3.ap-south-1.amazonaws.com/ipl/IPLHeadshot2023/1940.png,,
222,Aiden Markram,Batsman,South Africa,Sunrisers Hyderabad,https://bcciplayerimages.s3.ap-south-1.amazonaws.com/ipl/IPLHeadshot2023/287.png,,
223,Rahul Tripathi,Batsman,India,Sunrisers Hyderabad,https://bcciplayerimages.s3.ap-south-1.amazonaws.com/ipl/IPLHeadshot2023/188.png,,
224,Glenn Phillips ,WK-Batsman,New Zealand,Sunrisers Hyderabad,https://bcciplayerimages.s3.ap-south-1.amazonaws.com/ipl/IPLHeadshot2023/635.png,,
225,Umran Malik,Bowler,India,Sunrisers Hyderabad,https://bcciplayerimages.s3.ap-south-1.amazonaws.com/ipl/IPLHeadshot2023/637.png,,
226,Fazal Haq Farooqi,Bowler,Afghanistan,Sunrisers Hyderabad,https://bcciplayerimages.s3.ap-south-1.amazonaws.com/ipl/IPLHeadshot2023/1011.png,,
227,Kartik Tyagi,Bowler,India,Sunrisers Hyderabad,https://bcciplayerimages.s3.ap-south-1.amazonaws.com/ipl/IPLHeadshot2023/536.png,,
228,T Natarajan,Bowler,India,Sunrisers Hyderabad,https://bcciplayerimages.s3.ap-south-1.amazonaws.com/ipl/IPLHeadshot2023/224.png,,
229,Bhuvneshwar Kumar,Bowler,India,Sunrisers Hyderabad,https://bcciplayerimages.s3.ap-south-1.amazonaws.com/ipl/IPLHeadshot2023/15.png,,
230,Abdul Samad,All-rounder,India,Sunrisers Hyderabad,https://bcciplayerimages.s3.ap-south-1.amazonaws.com/ipl/IPLHeadshot2023/525.png,,
231,Marco Jansen,All-rounder,South Africa,Sunrisers Hyderabad,https://bcciplayerimages.s3.ap-south-1.amazonaws.com/ipl/IPLHeadshot2023/586.png,,
232,Abhishek Sharma,All-rounder,India,Sunrisers Hyderabad,https://bcciplayerimages.s3.ap-south-1.amazonaws.com/ipl/IPLHeadshot2023/212.png,,
233,Washington Sundar,All-rounder,India,Sunrisers Hyderabad,https://bcciplayerimages.s3.ap-south-1.amazonaws.com/ipl/IPLHeadshot2023/20.png,,
234,Harrsy Brook,Batsman,England,Sunrisers Hyderabad,https://bcciplayerimages.s3.ap-south-1.amazonaws.com/ipl/IPLHeadshot2023/1218.png,,
235,Mayank Agarwal,Batsman,India,Sunrisers Hyderabad,https://bcciplayerimages.s3.ap-south-1.amazonaws.com/ipl/IPLHeadshot2023/55.png,,
236,Heinrich Klaasen,WK-Batsman,South Africa,Sunrisers Hyderabad,https://bcciplayerimages.s3.ap-south-1.amazonaws.com/ipl/IPLHeadshot2023/202.png,,
237,Adil Rashid,Bowler,England,Sunrisers Hyderabad,https://bcciplayerimages.s3.ap-south-1.amazonaws.com/ipl/IPLHeadshot2023/311.png,,
238,Mayank Markande,Bowler,India,Sunrisers Hyderabad,https://bcciplayerimages.s3.ap-south-1.amazonaws.com/ipl/IPLHeadshot2023/87.png,,
239,Vivrant Sharma,All-rounder,India,Sunrisers Hyderabad,https://bcciplayerimages.s3.ap-south-1.amazonaws.com/ipl/IPLHeadshot2023/1942.png,,
240,Samarth Vyas,All-rounder,India,Sunrisers Hyderabad,https://bcciplayerimages.s3.ap-south-1.amazonaws.com/ipl/IPLHeadshot2023/1534.png,,
241,Sanvir Singh,All-rounder,India,Sunrisers Hyderabad,https://bcciplayerimages.s3.ap-south-1.amazonaws.com/ipl/IPLHeadshot2023/1943.png,,
242,Upendra Yadav,WK-Batsman,India,Sunrisers Hyderabad,https://bcciplayerimages.s3.ap-south-1.amazonaws.com/ipl/IPLHeadshot2023/1472.png,,
243,Mayank Dagar,All-rounder,India,Sunrisers Hyderabad,https://bcciplayerimages.s3.ap-south-1.amazonaws.com/ipl/IPLHeadshot2023/1547.png,,
244,Nitish Kumar Reddy,WK-Batsman,India,Sunrisers Hyderabad,https://bcciplayerimages.s3.ap-south-1.amazonaws.com/ipl/IPLHeadshot2023/1944.png,,
245,Akeal Hosein,Bowler,West Indies,Sunrisers Hyderabad,https://bcciplayerimages.s3.ap-south-1.amazonaws.com/ipl/IPLHeadshot2023/722.png,,
246,Anmolpreet Singh,Batman,India,Sunrisers Hyderabad,https://bcciplayerimages.s3.ap-south-1.amazonaws.com/ipl/IPLHeadshot2023/159.png,,
